City_ID,City,Country,Max_Temp,Weather_Description,Lat,Lng,Hotel Name
1,bluff,NZ,65.32,overcast clouds,-46.6,168.33,Bluff Homestead - Guesthouse & Campervan Park
3,gambela,ET,70.63,scattered clouds,8.25,34.58,Solomon Debebe Hotel
8,bondoukou,CI,73.65,scattered clouds,8.03,-2.8,Prestige Hotel
10,hermanus,ZA,62.01,scattered clouds,-34.42,19.23,Misty Waves Boutique Hotel
12,avarua,CK,77.0,broken clouds,-21.21,-159.78,Paradise Inn
15,nishihara,JP,71.6,few clouds,26.18,127.76,Minshuku Agaihama
16,ukiah,US,73.99,clear sky,39.15,-123.21,Hampton Inn Ukiah
20,cabedelo,BR,77.0,scattered clouds,-6.98,-34.83,Lua Mansa Pousada
21,alice springs,AU,64.4,clear sky,-23.7,133.88,Desert Palms Alice Springs
24,sidi ali,DZ,60.57,clear sky,36.1,0.42,
25,tabou,CI,77.86,scattered clouds,4.42,-7.35,hot√™l doufoulougou
26,bambous virieux,MU,71.6,light intensity shower rain,-20.34,57.76,Casa Tia Villa
27,faanui,PF,79.52,scattered clouds,-16.48,-151.75,Bora-Bora Pearl Beach Resort & Spa
28,busselton,AU,64.99,scattered clouds,-33.65,115.33,Observatory Guest House
29,arraial do cabo,BR,70.56,light rain,-22.97,-42.03,Pousada Porto Praia
31,kriel,ZA,60.01,overcast clouds,-26.27,29.23,In Him Guesthouse (Accomodation)
32,muros,ES,61.0,light rain,42.78,-9.06,Apartment Av. Castelao
37,lagoa,PT,65.57,broken clouds,39.05,-27.98,Casa Das Faias
39,santa lucia,ES,71.6,broken clouds,27.91,-15.54,Hotel Viverde Las Tirajanas
41,el alto,PE,63.57,scattered clouds,-4.27,-81.21,Black Marlin Lodge & Restaurant
42,cape town,ZA,60.01,scattered clouds,-33.93,18.42,Southern Sun Waterfront Cape Town
44,dingle,PH,76.6,light rain,11.0,122.67,Camp Pasica
47,te anau,NZ,63.0,overcast clouds,-45.42,167.72,Kingsgate Hotel Te Anau
49,mataura,NZ,72.54,overcast clouds,-46.19,168.86,Ellie's Villa
55,carnarvon,AU,69.8,broken clouds,-24.87,113.63,Hospitality Carnarvon
59,eureka,US,60.01,broken clouds,40.8,-124.16,Eureka Inn Trademark By Wyndham
61,nyaunglebin,MM,73.17,overcast clouds,17.95,96.73,Royal Motel
62,bredasdorp,ZA,64.4,clear sky,-34.53,20.04,Bredasdorp Country Manor
63,saint-philippe,RE,69.8,clear sky,-21.36,55.77,"Chambres d'h√¥te ""La Trinit√©"""
70,cidreira,BR,68.43,broken clouds,-30.18,-50.21,Hotel Castelo
72,georgetown,MY,78.8,scattered clouds,5.41,100.34,Cititel Penang
73,yarmouth,US,64.4,broken clouds,41.71,-70.23,The Inn At Cape Cod
82,guerrero negro,MX,71.22,few clouds,27.98,-114.06,"Casa Laguna, Bed & Breakfast"
84,east london,ZA,69.1,clear sky,-33.02,27.91,Tu Casa
87,labuhan,ID,79.66,overcast clouds,-6.88,112.21,bador sepret
96,rikitea,PF,74.79,overcast clouds,-23.12,-134.97,Pension Maro'i
111,zhuhai,CN,73.99,few clouds,22.28,113.57,Áè†Êµ∑Á≤§Ë¥¢ÂÅáÊó•ÈÖíÂ∫ó
114,los llanos de aridane,ES,71.6,overcast clouds,28.66,-17.92,Valle Aridane
115,fomboni,KM,79.21,clear sky,-12.28,43.74,Auberge les abou
121,champerico,GT,78.8,scattered clouds,14.3,-91.92,"Hotel y restaurante ""El Diamante"""
129,marratxi,ES,60.01,clear sky,39.64,2.75,S'Hort de Son Caulelles
130,port alfred,ZA,65.39,clear sky,-33.59,26.89,The Halyards Hotel
133,kampot,KH,75.2,few clouds,10.62,104.18,Champa Lodge
137,vaini,TO,75.2,broken clouds,-21.2,-175.2,Keleti Beach Resort
142,balangir,IN,69.53,broken clouds,20.72,83.48,Swayam Hotel and Resort
144,vila velha,BR,75.0,moderate rain,-20.33,-40.29,Hotel Vit√≥ria Palace
148,morondava,MG,74.66,light rain,-20.28,44.28,La Case Bambou
153,soroti,UG,66.69,light rain,1.71,33.61,Marcllay Hotel - Soroti
154,vao,NC,73.13,broken clouds,-22.67,167.48,Hotel Kou-Bugny
158,challans,FR,60.8,overcast clouds,46.84,-1.87,Citotel Le Challans
166,castro,BR,63.0,broken clouds,-24.79,-50.01,CHACARA BAILLY
169,mahebourg,MU,71.6,light intensity shower rain,-20.41,57.7,Shandrani Beachcomber Resort & Spa
170,avera,US,77.0,clear sky,33.19,-82.53,
173,thyolo,MW,63.12,clear sky,-16.07,35.14,Chawani Bungalow
175,arlit,NE,78.94,clear sky,18.74,7.39,H√¥tel Telwa Bungalow
178,rafai,CF,71.2,moderate rain,4.95,23.92,
186,agropoli,IT,61.0,few clouds,40.35,15.0,B&B Baia di Trentova
191,atuona,PF,78.44,clear sky,-9.8,-139.03,Villa Enata
194,kambove,CD,68.63,broken clouds,-10.88,26.6,Couvant des soeurs catholiques
196,marsabit,KE,68.02,light rain,2.33,37.99,Chicho Hotel
198,touros,BR,78.8,scattered clouds,-5.2,-35.46,INN NEW HORIZON
199,otane,NZ,71.01,clear sky,-39.88,176.63,Ludlow Farmstay
200,sao jose da coroa grande,BR,76.75,scattered clouds,-8.9,-35.15,Cr√¥a Mares Hotel
203,ribeira grande,PT,66.61,broken clouds,38.52,-28.7,Quinta da Meia Eira
204,kaeo,NZ,72.0,few clouds,-35.1,173.78,Bushido Lodge
205,namibe,AO,68.13,broken clouds,-15.2,12.15,Hotel Chik Chik Namibe
206,chuy,UY,62.67,few clouds,-33.7,-53.46,Nuevo Hotel Plaza
209,hambantota,LK,78.35,overcast clouds,6.12,81.12,Bungalow 63
212,peruibe,BR,70.5,overcast clouds,-24.32,-47.0,Hotel Pousada Xapuri
214,marawi,PH,75.0,light rain,8.0,124.29,Derogongan Residence
218,saldanha,ZA,62.6,clear sky,-33.01,17.94,Blue Bay Lodge
221,palmer,US,61.0,few clouds,42.16,-72.33,Wedgewood Motel
223,ambon,ID,77.0,few clouds,-3.7,128.18,Swiss-Belhotel Ambon
232,airai,TL,68.79,few clouds,-8.93,125.41,Juvinal Martin
233,salalah,OM,73.4,clear sky,17.02,54.09,HAMDAN PLAZA HOTEL
245,villa bruzual,VE,76.6,overcast clouds,9.33,-69.12,Hotel Turen
247,buchanan,LR,78.8,few clouds,5.88,-10.05,Kamaneahn Hotel Inc
248,pizarro,CO,77.11,light rain,4.95,-77.37,"Playa Pizarro, Bajo Baud√≥, Choc√≥, Colombia"
270,bengkulu,ID,76.33,overcast clouds,-3.8,102.27,Grage Hotel Bengkulu
271,beloha,MG,67.57,overcast clouds,-25.17,45.05,
276,nelson bay,AU,61.0,overcast clouds,-32.72,152.15,Mantra Nelson Bay
286,bibiani,GH,71.47,broken clouds,6.46,-2.32,Rodick Hotel
290,bardiyah,LY,70.48,clear sky,31.76,25.09,ÿ®Ÿàÿ±ÿ™Ÿà ÿ®ÿ±ÿØŸäÿ©
299,ishigaki,JP,73.4,scattered clouds,24.34,124.16,Hotel Peace Land Ishigakijima
306,bandarbeyla,SO,75.94,overcast clouds,9.49,50.81,REER XOOSHLE GROUP
308,new iberia,US,69.01,broken clouds,30.0,-91.82,La Quinta Inn & Suites by Wyndham New Iberia
312,quthing,LS,67.32,clear sky,-30.4,27.7,Mountainside Hotel
318,gamba,GA,76.82,overcast clouds,-2.65,10.0,
322,hobyo,SO,78.62,overcast clouds,5.35,48.53,Osmani Hotel
325,bolobo,CD,73.24,overcast clouds,-2.17,16.23,
326,eyl,SO,78.8,scattered clouds,7.98,49.82,Amiin Hotel
330,najran,SA,64.4,clear sky,17.49,44.13,ŸÖÿ≠ŸÖÿØ ŸáÿßÿØŸä ÿßŸÑ ŸÅÿ∑Ÿäÿ≠
333,jetalsar,IN,76.73,clear sky,21.7,70.58,OYO 64696 Hotel Zayka
346,naze,JP,69.8,broken clouds,28.37,129.48,Â•ÑÁæé„Éù„Éº„Éà„Çø„ÉØ„Éº„Éõ„ÉÜ„É´
352,banda aceh,ID,76.69,overcast clouds,5.56,95.32,OYO 884 Rumoh PMI Hotel
353,zaruma,EC,67.01,moderate rain,-3.68,-79.62,Hotel Zaruma Colonial
360,ponta delgada,PT,68.0,broken clouds,37.73,-25.67,Vila Nova Hotel
365,sao joao da barra,BR,72.03,light rain,-21.64,-41.05,Pousada Porto De Canoas
367,japura,ID,74.75,overcast clouds,-0.32,102.35,Rumah mbah Jamah
369,buta,CD,71.38,overcast clouds,2.79,24.73,HOTEL BISO NA BISO
385,harper,LR,77.83,broken clouds,4.38,-7.72,Screensaver
387,puri,IN,77.0,mist,19.8,85.85,OYO 1577 Hotel Shree Hari Grand
388,ponta do sol,PT,66.2,few clouds,32.67,-17.1,Hotel do Campo
391,saint-joseph,RE,66.2,clear sky,-21.37,55.62,"""Plantation Bed and Breakfast"
415,viedma,AR,66.81,scattered clouds,-40.81,-63.0,Hotel Cristal
416,puerto ayora,EC,69.01,overcast clouds,-0.74,-90.35,Finch Bay Galapagos Hotel
424,barmer,IN,75.94,clear sky,25.75,71.38,OYO 71911 Hotel Amber Palace
426,lalian,PK,64.98,clear sky,31.82,72.8,JAM ALLAH YAR PRINCIPAL
430,pisco,PE,66.2,clear sky,-13.7,-76.22,Hostal San Isidro Oficial
442,juan lacaze,UY,66.99,fog,-34.43,-57.44,Posada Agreste
444,rayong,TH,73.0,overcast clouds,12.83,101.43,Purimas Beach Hotel
453,mineiros,BR,71.02,light rain,-17.57,-52.55,Pil√µes Palace Hotel
455,port hedland,AU,73.4,clear sky,-20.32,118.57,The Esplanade Hotel
456,whakatane,NZ,68.0,broken clouds,-37.96,176.99,Pacific Coast Motel
462,tiznit,MA,65.17,clear sky,29.58,-9.5,
470,itea,GR,63.0,overcast clouds,38.43,22.42,Trokadero Hotel ŒûŒµŒΩŒøŒ¥ŒøœáŒµŒØŒø
480,dungarpur,IN,71.31,few clouds,23.83,73.72,Gayatri Hotel
484,payo,ID,72.36,overcast clouds,-3.75,103.64,Mess keban agung
486,kruisfontein,ZA,62.01,clear sky,-34.0,24.73,Oyster Bay House Rental
492,ahipara,NZ,68.27,few clouds,-35.17,173.17,Ahipara Holiday Park
501,quatre cocos,MU,71.6,light intensity shower rain,-20.21,57.76,Emeraude Beach Attitude Hotel
507,jagatsinghapur,IN,77.0,mist,20.27,86.17,Icha Bansi Nilaya
512,cordoba,AR,77.0,clear sky,-31.41,-64.18,Sheraton Cordoba Hotel
519,san rafael,AR,69.28,moderate rain,-34.62,-68.33,Hotel San Rafael
528,beira,MZ,69.8,few clouds,-19.84,34.84,Beira Terrace Hotel
534,tuatapere,NZ,69.71,overcast clouds,-46.13,167.68,Ron and Tony's Bed & Breakfast
536,kamina,CD,65.07,moderate rain,-8.74,24.99,Guest House la Grace
537,maragogi,BR,76.32,few clouds,-9.01,-35.22,Salinas do Maragogi All Inclusive Resort
545,poum,NC,78.17,clear sky,-20.23,164.02,G√Æte kajeon
555,acarau,BR,79.7,few clouds,-2.89,-40.12,castelo pizzaria
557,tezu,IN,70.41,overcast clouds,27.92,96.17,Circuit House
565,rocha,UY,60.64,few clouds,-34.48,-54.33,Beleza Pura B&B
572,saint george,US,79.0,clear sky,37.1,-113.58,Best Western Plus Abbey Inn
581,lodja,CD,68.83,light rain,-3.48,23.43,
584,lompoc,US,66.2,overcast clouds,34.64,-120.46,Holiday Inn Express Lompoc
586,nuevo imperial,PE,63.7,broken clouds,-13.08,-76.32,Hotel Konford
590,caravelas,BR,75.65,light rain,-17.71,-39.25,Pousada dos Navegantes
591,galle,LK,78.51,light rain,6.04,80.22,Amangalla
598,russell,US,69.8,overcast clouds,32.35,-85.2,Macs
612,victoria,HK,73.99,overcast clouds,22.29,114.16,Mini Hotel Central
613,riyadh,SA,62.6,clear sky,24.69,46.72,InterContinental Riyadh
619,havelock,US,73.99,scattered clouds,34.88,-76.9,Sherwood Motel
634,san quintin,MX,69.22,overcast clouds,30.48,-115.95,Old Mill Hotel
635,gerash,IR,60.62,clear sky,27.67,54.14,Chelpasin
640,arona,ES,70.0,clear sky,28.1,-16.68,Paradise Court
641,southbridge,US,61.0,overcast clouds,42.08,-72.03,Southbridge Hotel & Conference Center
644,amapa,BR,79.11,broken clouds,1.0,-52.0,
653,altamont,US,62.01,clear sky,42.21,-121.74,Microtel Inn & Suites by Wyndham Klamath Falls
655,luanda,AO,77.0,broken clouds,-8.84,13.23,EPIC SANA Luanda
667,inhambane,MZ,71.11,overcast clouds,-23.86,35.38,Oceano
673,segamat,MY,77.0,moderate rain,2.51,102.82,VIP HOTEL
680,bhainsdehi,IN,66.79,few clouds,21.65,77.63,Prince Rathore HOME
693,abha,SA,60.8,clear sky,18.22,42.51,Abha Hotel
707,tacuarembo,UY,70.48,overcast clouds,-31.73,-55.98,Hotel Orange
722,manakara,MG,67.69,clear sky,-22.13,48.02,La Residence Manakara
723,camabatela,AO,63.39,broken clouds,-8.19,15.38,Pens√£o E Restaurantes
726,del rio,US,75.2,clear sky,29.36,-100.9,Holiday Inn Express & Suites del Rio
752,comodoro rivadavia,AR,60.8,broken clouds,-45.87,-67.5,Austral Hotel
756,sibu,MY,75.2,scattered clouds,2.3,111.82,RH HOTEL (4 Star)
763,nazare,BR,73.85,few clouds,-13.04,-39.01,Pousada do Trevo
770,chokwe,MZ,69.94,clear sky,-24.53,32.98,Complexo Sonho Real
780,obo,CF,70.07,overcast clouds,5.4,26.49,
782,chiredzi,ZW,71.26,clear sky,-21.05,31.67,The Nesbitt Arms
786,mattru,SL,74.39,light rain,7.62,-11.83,Boima Gbondo's Compound
787,kesinga,IN,69.26,broken clouds,20.2,83.23,Ambaji mandir pada
797,imbituba,BR,75.2,broken clouds,-28.24,-48.67,Praia Hotel Imbituba
804,kyaikto,MM,75.06,broken clouds,17.3,97.02,·Äû·ÄÄ·Ä∫·Äê·Äî·Ä∫·Ä∑·Ä°·Ä≠·Äô·Ä∫
822,basco,PH,79.36,light rain,20.45,121.97,Nathaniel's Lodge
823,kaitangata,NZ,69.66,overcast clouds,-46.28,169.85,Kaitangata Motor Camp
839,sukabumi,ID,78.01,overcast clouds,-6.92,106.93,Maxone Hotels.Com
840,jaru,BR,75.83,moderate rain,-10.44,-62.47,Hotel Paran√°
841,canon city,US,75.99,clear sky,38.44,-105.24,Travel Inn Motel
848,mount isa,AU,73.4,clear sky,-20.73,139.5,ibis Styles Mt Isa Verona
849,amarpur,IN,70.48,clear sky,25.03,86.9,Arpita Palace
862,moreira sales,BR,74.44,broken clouds,-24.06,-53.01,Portal Moreira Sales
871,odweyne,SO,72.43,scattered clouds,9.41,45.06,Eng Hiirey House
875,kokstad,ZA,66.0,clear sky,-30.55,29.42,Majestic Bed and Breakfast
876,awjilah,LY,64.31,clear sky,29.11,21.29,
884,westport,US,60.01,broken clouds,41.14,-73.36,The Westport Inn
892,dezful,IR,65.41,clear sky,32.38,48.41,ÿ≥ÿßŸÑŸÜ Ÿæ€åÿ±ÿß€åÿ¥ ÿßŸÖ€åÿØ
894,rembang,ID,79.65,overcast clouds,-6.71,111.35,Kencana Hotel Rembang
898,palu,ID,78.93,light rain,-0.89,119.87,Hotel Santika Palu
907,abu kamal,SY,69.66,scattered clouds,34.45,40.92,ŸÖÿ≠ÿ∑ÿ© ÿßŸÑÿ™ŸÑŸÅÿßÿ≤
935,bilma,NE,71.74,clear sky,18.69,12.92,Expeditions T√©n√©re voyages
946,benguela,AO,75.0,broken clouds,-12.58,13.41,Hotel Praia Morena
949,takoradi,GH,77.29,scattered clouds,4.88,-1.76,Raybow International Hotel
955,alta floresta,BR,72.3,heavy intensity rain,-9.88,-56.09,Floresta Amazonica Hotel
957,bodri,IN,66.79,scattered clouds,23.17,81.43,Lankatola
964,coos bay,US,62.01,clear sky,43.37,-124.22,Best Western Holiday Hotel
977,laguna,US,72.0,clear sky,38.42,-121.42,Holiday Inn Express & Suites Elk Grove Central - Hwy 99
979,mangan,IN,67.33,scattered clouds,27.52,88.53,Hotel Mout View
985,pokhara,NP,64.74,clear sky,28.23,83.98,Hotel View Point
988,diamantino,BR,72.88,overcast clouds,-14.41,-56.45,Hotel Delta
991,kalmunai,LK,78.44,overcast clouds,7.42,81.82,VS Villa
1001,pemba,MZ,76.91,clear sky,-12.97,40.52,Guesthouse Samotina
1003,sao bento do sul,BR,60.01,overcast clouds,-26.25,-49.38,Serra Alta Hotel
1009,nizwa,OM,67.5,clear sky,22.93,57.53,Orient Apartments
1017,itinga,BR,75.27,overcast clouds,-16.61,-41.77,Pousada Barbosa
1028,mercedes,AR,72.0,scattered clouds,-34.65,-59.43,Posada del Inti Centro
1045,luang prabang,LA,61.54,broken clouds,19.89,102.13,Villa Oasis
1047,pak phanang,TH,79.05,overcast clouds,8.35,100.2,Green Park Inn Hotel
1054,itanhaem,BR,68.0,mist,-24.18,-46.79,Prainha Resid√™ncia Art√≠stica
1055,padang,ID,77.99,overcast clouds,-0.95,100.35,Mercure Padang
1057,beinamar,TD,77.04,broken clouds,8.67,15.38,
1060,bonthe,SL,78.98,overcast clouds,7.53,-12.51,Bonthe Holiday Village
1063,tshela,CD,72.3,overcast clouds,-4.98,12.93,Hotel Mirador
1071,jacareacanga,BR,73.33,overcast clouds,-6.22,-57.75,Casa do Ianüòé
1074,malanje,AO,65.07,broken clouds,-9.54,16.34,Malanje Hotel
1094,sakakah,SA,66.2,clear sky,29.97,40.21,Fakhamat Al Orjoana Apartment
1104,nanning,CN,69.8,broken clouds,22.82,108.32,Nanning Travelling With Hostel
1128,rosario do sul,BR,72.79,scattered clouds,-30.26,-54.91,Hotel Areias Brancas
1135,izumi,JP,60.8,few clouds,34.48,135.43,Hotel Kirara Resort Kanku
1137,pokaran,IN,76.19,clear sky,26.92,71.92,Motel Pokaran - RTDC
1148,jalu,LY,64.6,clear sky,29.03,21.55,Jalu Hotel
1153,cravo norte,CO,78.12,overcast clouds,6.3,-70.2,Hotel El Puerto
1162,sainte-suzanne,RE,69.8,clear sky,-20.91,55.61,Gites Ango
1163,lubango,AO,65.37,few clouds,-14.92,13.49,Hotel Serra da Chela
1177,mogadishu,SO,79.47,light rain,2.04,45.34,Hotel Juba
1189,hokitika,NZ,60.21,overcast clouds,-42.72,170.97,Beachfront Hotel Hokitika
1193,raga,SS,72.88,broken clouds,8.46,25.68,
1202,grand-lahou,CI,77.97,few clouds,5.14,-5.02,Hotel Beatitude de Grand Lahou
1210,soc trang,VN,77.0,scattered clouds,9.6,105.98,Phu Qui Hotel
1217,lata,PT,62.01,overcast clouds,40.16,-8.33,Casa Maquia
1220,vlore,AL,64.22,overcast clouds,40.47,19.49,Bologna Hotel
1226,praia,CV,78.8,overcast clouds,14.92,-23.51,LT Aparthotel
1229,thakurganj,IN,72.72,scattered clouds,26.45,88.13,Kadam Ali Tola JALMILIK 11
1237,hirara,JP,71.6,scattered clouds,24.8,125.28,Hotel Atoll Emerald Miyakojima
1249,half moon bay,US,69.8,haze,37.46,-122.43,"The Ritz-Carlton, Half Moon Bay"
1252,marzuq,YE,62.62,clear sky,14.4,46.47,
1261,selma,US,77.0,clear sky,36.57,-119.61,Holiday Inn Selma-Swancourt
1269,pitimbu,BR,77.0,scattered clouds,-7.47,-34.81,Reserva do Abia√≠
1270,prata,BR,73.29,moderate rain,-19.31,-48.92,Hotel Pontal Aluga-se Quitinetes e su√≠tes mensalmente
1271,hoima,UG,65.28,broken clouds,1.44,31.34,Tik Hotel
1276,colares,PT,63.0,broken clouds,38.8,-9.45,Arribas Sintra Hotel
1277,manono,CD,71.31,broken clouds,-7.3,27.42,Hotel hewa bora
1296,san buenaventura,MX,77.59,clear sky,27.08,-101.53,Hotel Gran Plaza
1297,mataura,NZ,75.99,overcast clouds,-46.19,168.86,Ellie's Villa
1301,matara,LK,76.73,broken clouds,5.95,80.54,Amaloh Boutique Resort
1303,hisua,IN,68.77,few clouds,24.83,85.42,Mhavir sthan lower bazaar Hisua
1314,bluff,NZ,75.99,light rain,-46.6,168.33,Bluff Homestead - Guesthouse & Campervan Park
1324,iralaya,HN,78.17,overcast clouds,15.0,-83.23,Iglesia morava renovada
1325,la palma,US,72.0,overcast clouds,33.85,-118.05,La Quinta Inn & Suites by Wyndham Buena Park
1342,alugan,PH,78.35,very heavy rain,12.22,125.48,BEMBEM RAIN FEED RESORT
1344,camacha,PT,62.6,few clouds,33.08,-16.33,Hotel Porto Santo & Spa
1349,praia da vitoria,PT,66.2,scattered clouds,38.73,-27.07,Hotel Branco I
1355,quebo,GW,77.16,scattered clouds,11.33,-14.93,
1364,menongue,AO,66.07,scattered clouds,-14.66,17.69,Ritz Lauca
1375,maceio,BR,75.2,clear sky,-9.67,-35.74,Mercure Maceio Pajucara Hotel
1379,squinzano,IT,60.8,broken clouds,40.44,18.04,Vir√≤ House
1383,marapanim,BR,77.18,scattered clouds,-0.72,-47.7,Ecomangue Pousada
1384,kabanjahe,ID,75.2,mist,3.1,98.49,Pelindung Bawah Losmen
1391,graaff-reinet,ZA,67.59,clear sky,-32.25,24.53,Rietjiesbos B&B
1395,souillac,MU,71.6,light intensity shower rain,-20.52,57.52,Bils' Villa
1411,sabha,LY,64.81,clear sky,27.04,14.43,ŸÖÿ≠ÿ∑ÿ© ÿßŸÖ ÿßŸÑÿßÿ±ÿßŸÜÿ® -ÿ≥ÿ®Ÿáÿß ŸÖŸàÿßÿµŸÑÿßÿ™
1416,yorosso,ML,78.22,clear sky,12.35,-4.78,Maison d'arr√™t et de correction de Yoro
1417,dunedin,NZ,66.99,overcast clouds,-45.87,170.5,Scenic Hotel Southern Cross
1421,freeport,US,64.4,overcast clouds,40.66,-73.58,The Freeport Inn and Marina
1423,rosarito,MX,71.6,overcast clouds,32.33,-117.03,Hotel Festival Plaza Rosarito
1440,springbok,ZA,60.66,scattered clouds,-29.66,17.89,Undulata Country Lodge
1448,rio branco do sul,BR,66.0,heavy intensity rain,-25.19,-49.31,Dr Hotel Rio Branco do Sul
1449,necochea,AR,64.0,few clouds,-38.55,-58.74,dyd -mar Hotel
1453,mount pleasant,US,75.2,clear sky,32.79,-79.86,Best Western Patriots Point
1459,araguacu,BR,74.07,overcast clouds,-12.93,-49.83,Brunas Park Hotel
1461,nola,IT,61.0,scattered clouds,40.92,14.53,Pamaran Hotel
1462,mogok,MM,63.91,overcast clouds,22.92,96.5,MOGOK HILL HOTEL
1463,waipawa,NZ,62.6,few clouds,-41.41,175.52,Tora Coastal Walk
1471,itaituba,BR,78.96,light rain,-4.28,-55.98,Hotel Campos
1482,chake chake,TZ,76.89,broken clouds,-5.25,39.77,Hotel Archipelago
1483,lambarene,GA,74.77,overcast clouds,-0.7,10.24,Le Refuge
1487,moyale,KE,67.75,moderate rain,3.52,39.06,WOCHES PALACE
1498,lubao,PH,77.0,light rain,14.92,120.55,Hacienda Gracia
1518,somerset west,ZA,61.0,scattered clouds,-34.08,18.82,Lourens River Guesthouse BnB
1531,angoche,MZ,74.61,clear sky,-16.23,39.91,Guest House HESADA
1538,hualmay,PE,64.6,scattered clouds,-11.1,-77.61,Hotel Restaurant Tur√≠stico Casablanca
1544,vitoria,BR,75.0,very heavy rain,-20.32,-40.34,Hotel Prata
1545,aripuana,BR,76.69,moderate rain,-9.17,-60.63,
1563,fortuna,US,60.01,scattered clouds,40.6,-124.16,Super 8 by Wyndham Fortuna
1567,doha,QA,77.0,clear sky,25.29,51.53,Doha Marriott Hotel
1569,yaan,NG,73.94,overcast clouds,7.38,8.57,
1583,agadez,NE,70.47,clear sky,19.75,10.25,
1593,xiongzhou,CN,60.31,broken clouds,25.12,114.3,Xinhewan Business Hotel
1608,kampene,CD,69.96,broken clouds,-3.6,26.67,
1612,baghdad,IQ,62.6,clear sky,33.34,44.4,Baghdad Hotel
1614,ca mau,VN,74.71,scattered clouds,9.18,105.15,Kh√°ch S·∫°n M∆∞·ªùng Thanh Luxury C√† Mau
1618,axim,GH,77.81,broken clouds,4.87,-2.24,AXIM BEACH RESORT AND SPA
1631,balsas,BR,78.49,overcast clouds,-7.53,-46.04,Novo Hotel
1639,siirt,TR,60.8,clear sky,37.93,41.94,Barden Otel
1652,mao,ES,64.4,few clouds,39.89,4.27,ARTIEM Capri
1658,bengkulu,ID,76.33,light rain,-3.8,102.27,Grage Hotel Bengkulu
1667,antalaha,MG,70.36,light rain,-14.9,50.28,Hotel Vitasoa
1678,karratha,AU,68.56,clear sky,-20.74,116.85,ibis Styles Karratha
1681,abu samrah,SY,68.59,scattered clouds,35.3,37.18,
1694,santa marta,CO,78.01,moderate rain,11.24,-74.2,Hotel La Ballena Azul
1698,chauk,MM,75.11,overcast clouds,20.88,94.82,Bo Khin Guest House
1731,omboue,GA,76.64,overcast clouds,-1.57,9.26,Hotel Olako
1738,cacule,BR,75.04,overcast clouds,-14.5,-42.22,Radar Palace Hotel
1743,alirajpur,IN,72.43,broken clouds,22.3,74.35,YS Pawar Villa
1747,luebo,CD,70.68,broken clouds,-5.35,21.42,
1755,nouadhibou,MR,69.8,clear sky,20.93,-17.03,El Medina
1765,fethiye,TR,60.8,clear sky,36.62,29.12,Club & Hotel Letoonia
1769,snyder,US,69.8,clear sky,32.72,-100.92,Holiday Inn Express & Suites Snyder
1778,ambon,ID,78.8,few clouds,-3.7,128.18,Swiss-Belhotel Ambon
1788,ranong,TH,76.19,overcast clouds,9.97,98.63,Tinidee Hotel@Ranong
1794,linhares,BR,72.01,moderate rain,-19.39,-40.07,Hotel Concei√ß√£o
1798,rosetta,EG,69.8,scattered clouds,31.4,30.42,Green Valley
1805,chok chai,TH,64.87,overcast clouds,14.73,102.17,‡πÇ‡∏£‡∏á‡πÅ‡∏£‡∏° ‡∏ó‡∏µ‡πà‡∏û‡∏±‡∏Å ‡∏õ‡∏•‡∏≤‡∏¢‡∏ô‡∏≤ ‡∏£‡∏µ‡∏™‡∏≠‡∏£‡πå‡∏ó ‡πÇ‡∏ä‡∏Ñ‡∏ä‡∏±‡∏¢ ‡∏ô‡∏Ñ‡∏£‡∏£‡∏≤‡∏ä‡∏™‡∏µ‡∏°‡∏≤ ‡πÇ‡∏Ñ‡∏£‡∏≤‡∏ä
1828,along,IN,68.43,moderate rain,28.17,94.77,Hotel West
1830,iguape,BR,71.46,overcast clouds,-24.71,-47.56,Hotel Pousada Nossa Senhora do Carmo
1831,pacaembu,BR,76.05,few clouds,-21.56,-51.26,Pousada Eliana e Otavio Pacaembu
1833,mega,ET,62.02,moderate rain,4.05,38.3,Amanuel Guest House
1834,waddan,LY,62.55,clear sky,29.16,16.14,ŸÖÿ≠ŸÑ ÿßŸÑÿ¥ÿ±ŸäŸÅ ŸÖÿ≠ŸÖÿØ ÿßŸÑÿπÿßŸäÿ®
1839,victoria,HK,75.0,overcast clouds,22.29,114.16,Mini Hotel Central
1840,kalaleh,IR,64.51,clear sky,37.38,55.49,ÿπÿ∑ÿ± Ÿà ÿßÿØ⁄©ŸÑŸÜ Ÿæÿßÿ±ÿ≥€åÿ≥
1842,grand gaube,MU,68.0,light rain,-20.01,57.66,Veranda Paul et Virginie Hotel & Spa
1844,carutapera,BR,77.54,clear sky,-1.2,-46.02,Lidera
1846,vangaindrano,MG,68.5,light rain,-23.35,47.6,Hotel Fanilo
1847,santa cruz de la palma,ES,71.6,overcast clouds,28.68,-17.76,H10 Taburiente Playa
